,name.common,name.official,capital,altSpellings,demonyms.eng.m,demonyms.eng.f
0,Aruba,Aruba,Oranjestad,AW,Aruban,Aruban
1,Afghanistan,Islamic Republic of Afghanistan,Kabul,"AF,Afġānistān",Afghan,Afghan
2,Angola,Republic of Angola,Luanda,"AO,República de Angola,ʁɛpublika de an'ɡɔla",Angolan,Angolan
3,Anguilla,Anguilla,The Valley,AI,Anguillian,Anguillian
4,Åland Islands,Åland Islands,Mariehamn,"AX,Aaland,Aland,Ahvenanmaa",Ålandish,Ålandish
5,Albania,Republic of Albania,Tirana,"AL,Shqipëri,Shqipëria,Shqipnia",Albanian,Albanian
6,Andorra,Principality of Andorra,Andorra la Vella,"AD,Principality of Andorra,Principat d'Andorra",Andorran,Andorran
7,United Arab Emirates,United Arab Emirates,Abu Dhabi,"AE,UAE,Emirates",Emirati,Emirati
8,Argentina,Argentine Republic,Buenos Aires,"AR,Argentine Republic,República Argentina",Argentine,Argentine
9,Armenia,Republic of Armenia,Yerevan,"AM,Hayastan,Republic of Armenia,Հայաստանի Հանրապետություն",Armenian,Armenian
10,American Samoa,American Samoa,Pago Pago,"AS,Amerika Sāmoa,Amelika Sāmoa,Sāmoa Amelika",American Samoan,American Samoan
11,Antarctica,Antarctica,no data,AQ,Antarctican,Antarctican
12,French Southern and Antarctic Lands,Territory of the French Southern and Antarctic Lands,Port-aux-Français,"TF,French Southern Territories",French,French
13,Antigua and Barbuda,Antigua and Barbuda,Saint John's,AG,"Antiguan, Barbudan","Antiguan, Barbudan"
14,Australia,Commonwealth of Australia,Canberra,AU,Australian,Australian
15,Austria,Republic of Austria,Vienna,"AT,Osterreich,Oesterreich",Austrian,Austrian
16,Azerbaijan,Republic of Azerbaijan,Baku,"AZ,Republic of Azerbaijan,Azərbaycan Respublikası",Azerbaijani,Azerbaijani
17,Burundi,Republic of Burundi,Gitega,"BI,Republic of Burundi,Republika y'Uburundi,République du Burundi",Burundian,Burundian
18,Belgium,Kingdom of Belgium,Brussels,"BE,België,Belgie,Belgien,Belgique,Kingdom of Belgium,Koninkrijk België,Royaume de Belgique,Königreich Belgien",Belgian,Belgian
19,Benin,Republic of Benin,Porto-Novo,"BJ,Republic of Benin,République du Bénin",Beninese,Beninese
20,Burkina Faso,Burkina Faso,Ouagadougou,BF,Burkinabe,Burkinabe
21,Bangladesh,People's Republic of Bangladesh,Dhaka,"BD,People's Republic of Bangladesh,Gônôprôjatôntri Bangladesh",Bangladeshi,Bangladeshi
22,Bulgaria,Republic of Bulgaria,Sofia,"BG,Republic of Bulgaria,Република България",Bulgarian,Bulgarian
23,Bahrain,Kingdom of Bahrain,Manama,"BH,Kingdom of Bahrain,Mamlakat al-Baḥrayn",Bahraini,Bahraini
24,Bahamas,Commonwealth of the Bahamas,Nassau,"BS,Commonwealth of the Bahamas",Bahamian,Bahamian
25,Bosnia and Herzegovina,Bosnia and Herzegovina,Sarajevo,"BA,Bosnia-Herzegovina,Босна и Херцеговина","Bosnian, Herzegovinian","Bosnian, Herzegovinian"
26,Saint Barthélemy,Collectivity of Saint Barthélemy,Gustavia,"BL,St. Barthelemy,Collectivity of Saint Barthélemy,Collectivité de Saint-Barthélemy",Saint Barthélemy Islander,Saint Barthélemy Islander
27,"Saint Helena, Ascension and Tristan da Cunha","Saint Helena, Ascension and Tristan da Cunha",Jamestown,"Saint Helena,St. Helena, Ascension and Tristan da Cunha",Saint Helenian,Saint Helenian
28,Belarus,Republic of Belarus,Minsk,"BY,Bielaruś,Republic of Belarus,Белоруссия,Республика Белоруссия",Belarusian,Belarusian
29,Belize,Belize,Belmopan,BZ,Belizean,Belizean
30,Bermuda,Bermuda,Hamilton,"BM,The Islands of Bermuda,The Bermudas,Somers Isles",Bermudian,Bermudian
31,Bolivia,Plurinational State of Bolivia,Sucre,"BO,Buliwya,Wuliwya,Bolivia, Plurinational State of,Plurinational State of Bolivia,Estado Plurinacional de Bolivia,Buliwya Mamallaqta,Wuliwya Suyu,Tetã Volívia",Bolivian,Bolivian
32,Caribbean Netherlands,"Bonaire, Sint Eustatius and Saba","Kralendijk,Oranjestad,The Bottom",BES islands,Dutch,Dutch
33,Brazil,Federative Republic of Brazil,Brasília,"BR,Brasil,Federative Republic of Brazil,República Federativa do Brasil",Brazilian,Brazilian
34,Barbados,Barbados,Bridgetown,BB,Barbadian,Barbadian
35,Brunei,"Nation of Brunei, Abode of Peace",Bandar Seri Begawan,"BN,Brunei Darussalam,Nation of Brunei,the Abode of Peace",Bruneian,Bruneian
36,Bhutan,Kingdom of Bhutan,Thimphu,"BT,Kingdom of Bhutan",Bhutanese,Bhutanese
37,Bouvet Island,Bouvet Island,no data,"BV,Bouvetøya,Bouvet-øya",no data,no data
38,Botswana,Republic of Botswana,Gaborone,"BW,Republic of Botswana,Lefatshe la Botswana",Motswana,Motswana
39,Central African Republic,Central African Republic,Bangui,"CF,Central African Republic,République centrafricaine",Central African,Central African
40,Canada,Canada,Ottawa,CA,Canadian,Canadian
41,Cocos (Keeling) Islands,Territory of the Cocos (Keeling) Islands,West Island,"CC,Keeling Islands,Cocos Islands",Cocos Islander,Cocos Islander
42,Switzerland,Swiss Confederation,Bern,"CH,Swiss Confederation,Schweiz,Suisse,Svizzera,Svizra",Swiss,Swiss
43,Chile,Republic of Chile,Santiago,"CL,Republic of Chile,República de Chile",Chilean,Chilean
44,China,People's Republic of China,Beijing,"CN,Zhōngguó,Zhongguo,Zhonghua,People's Republic of China,中华人民共和国,Zhōnghuá Rénmín Gònghéguó",Chinese,Chinese
45,Ivory Coast,Republic of Côte d'Ivoire,Yamoussoukro,"CI,Côte d'Ivoire,Ivory Coast,Republic of Côte d'Ivoire,République de Côte d'Ivoire",Ivorian,Ivorian
46,Cameroon,Republic of Cameroon,Yaoundé,"CM,Republic of Cameroon,République du Cameroun",Cameroonian,Cameroonian
47,DR Congo,Democratic Republic of the Congo,Kinshasa,"CD,DR Congo,Congo-Kinshasa,Congo, the Democratic Republic of the,DRC",Congolese,Congolese
48,Republic of the Congo,Republic of the Congo,Brazzaville,"CG,Congo,Congo-Brazzaville",Congolese,Congolese
49,Cook Islands,Cook Islands,Avarua,"CK,Kūki 'Āirani",Cook Islander,Cook Islander
50,Colombia,Republic of Colombia,Bogotá,"CO,Republic of Colombia,República de Colombia",Colombian,Colombian
51,Comoros,Union of the Comoros,Moroni,"KM,Union of the Comoros,Union des Comores,Udzima wa Komori,al-Ittiḥād al-Qumurī",Comoran,Comoran
52,Cape Verde,Republic of Cabo Verde,Praia,"CV,Republic of Cabo Verde,República de Cabo Verde",Cape Verdian,Cape Verdian
53,Costa Rica,Republic of Costa Rica,San José,"CR,Republic of Costa Rica,República de Costa Rica",Costa Rican,Costa Rican
54,Cuba,Republic of Cuba,Havana,"CU,Republic of Cuba,República de Cuba",Cuban,Cuban
55,Curaçao,Country of Curaçao,Willemstad,"CW,Curacao,Kòrsou,Country of Curaçao,Land Curaçao,Pais Kòrsou",Curaçaoan,Curaçaoan
56,Christmas Island,Territory of Christmas Island,Flying Fish Cove,"CX,Territory of Christmas Island",Christmas Islander,Christmas Islander
57,Cayman Islands,Cayman Islands,George Town,KY,Caymanian,Caymanian
58,Cyprus,Republic of Cyprus,Nicosia,"CY,Kýpros,Kıbrıs,Republic of Cyprus,Κυπριακή Δημοκρατία,Kıbrıs Cumhuriyeti",Cypriot,Cypriot
59,Czechia,Czech Republic,Prague,"CZ,Česká republika,Česko",Czech,Czech
60,Germany,Federal Republic of Germany,Berlin,"DE,Federal Republic of Germany,Bundesrepublik Deutschland",German,German
61,Djibouti,Republic of Djibouti,Djibouti,"DJ,Jabuuti,Gabuuti,Republic of Djibouti,République de Djibouti,Gabuutih Ummuuno,Jamhuuriyadda Jabuuti",Djibouti,Djibouti
62,Dominica,Commonwealth of Dominica,Roseau,"DM,Dominique,Wai‘tu kubuli,Commonwealth of Dominica",Dominican,Dominican
63,Denmark,Kingdom of Denmark,Copenhagen,"DK,Danmark,Kingdom of Denmark,Kongeriget Danmark",Danish,Danish
64,Dominican Republic,Dominican Republic,Santo Domingo,DO,Dominican,Dominican
65,Algeria,People's Democratic Republic of Algeria,Algiers,"DZ,Dzayer,Algérie",Algerian,Algerian
66,Ecuador,Republic of Ecuador,Quito,"EC,Republic of Ecuador,República del Ecuador",Ecuadorean,Ecuadorean
67,Egypt,Arab Republic of Egypt,Cairo,"EG,Arab Republic of Egypt",Egyptian,Egyptian
68,Eritrea,State of Eritrea,Asmara,"ER,State of Eritrea,ሃገረ ኤርትራ,Dawlat Iritriyá,ʾErtrā,Iritriyā",Eritrean,Eritrean
69,Western Sahara,Sahrawi Arab Democratic Republic,El Aaiún,"EH,Taneẓroft Tutrimt",Sahrawi,Sahrawi
70,Spain,Kingdom of Spain,Madrid,"ES,Kingdom of Spain,Reino de España",Spanish,Spanish
71,Estonia,Republic of Estonia,Tallinn,"EE,Eesti,Republic of Estonia,Eesti Vabariik",Estonian,Estonian
72,Ethiopia,Federal Democratic Republic of Ethiopia,Addis Ababa,"ET,ʾĪtyōṗṗyā,Federal Democratic Republic of Ethiopia,የኢትዮጵያ ፌዴራላዊ ዲሞክራሲያዊ ሪፐብሊክ",Ethiopian,Ethiopian
73,Finland,Republic of Finland,Helsinki,"FI,Suomi,Republic of Finland,Suomen tasavalta,Republiken Finland",Finnish,Finnish
74,Fiji,Republic of Fiji,Suva,"FJ,Viti,Republic of Fiji,Matanitu ko Viti,Fijī Gaṇarājya",Fijian,Fijian
75,Falkland Islands,Falkland Islands,Stanley,"FK,Islas Malvinas,Falkland Islands (Malvinas)",Falkland Islander,Falkland Islander
76,France,French Republic,Paris,"FR,French Republic,République française",French,French
77,Faroe Islands,Faroe Islands,Tórshavn,"FO,Føroyar,Færøerne",Faroese,Faroese
78,Micronesia,Federated States of Micronesia,Palikir,"FM,Federated States of Micronesia,Micronesia, Federated States of",Micronesian,Micronesian
79,Gabon,Gabonese Republic,Libreville,"GA,Gabonese Republic,République Gabonaise",Gabonese,Gabonese
80,United Kingdom,United Kingdom of Great Britain and Northern Ireland,London,"GB,UK,Great Britain",British,British
81,Georgia,Georgia,Tbilisi,"GE,Sakartvelo",Georgian,Georgian
82,Guernsey,Bailiwick of Guernsey,St. Peter Port,"GG,Bailiwick of Guernsey,Bailliage de Guernesey",Channel Islander,Channel Islander
83,Ghana,Republic of Ghana,Accra,GH,Ghanaian,Ghanaian
84,Gibraltar,Gibraltar,Gibraltar,GI,Gibraltar,Gibraltar
85,Guinea,Republic of Guinea,Conakry,"GN,Republic of Guinea,République de Guinée",Guinean,Guinean
86,Guadeloupe,Guadeloupe,Basse-Terre,"GP,Gwadloup",Guadeloupian,Guadeloupian
87,Gambia,Republic of the Gambia,Banjul,"GM,Republic of the Gambia",Gambian,Gambian
88,Guinea-Bissau,Republic of Guinea-Bissau,Bissau,"GW,Republic of Guinea-Bissau,República da Guiné-Bissau",Guinea-Bissauan,Guinea-Bissauan
89,Equatorial Guinea,Republic of Equatorial Guinea,Malabo,"GQ,Republic of Equatorial Guinea,República de Guinea Ecuatorial,République de Guinée équatoriale,República da Guiné Equatorial",Equatorial Guinean,Equatorial Guinean
90,Greece,Hellenic Republic,Athens,"GR,Elláda,Hellenic Republic,Ελληνική Δημοκρατία",Greek,Greek
91,Grenada,Grenada,St. George's,GD,Grenadian,Grenadian
92,Greenland,Greenland,Nuuk,"GL,Grønland",Greenlandic,Greenlandic
93,Guatemala,Republic of Guatemala,Guatemala City,GT,Guatemalan,Guatemalan
94,French Guiana,Guiana,Cayenne,"GF,Guiana,Guyane",Guianan,Guianan
95,Guam,Guam,Hagåtña,"GU,Guåhån",Guamanian,Guamanian
96,Guyana,Co-operative Republic of Guyana,Georgetown,"GY,Co-operative Republic of Guyana",Guyanese,Guyanese
97,Hong Kong,Hong Kong Special Administrative Region of the People's Republic of China,City of Victoria,HK,Hong Konger,Hong Konger
98,Heard Island and McDonald Islands,Heard Island and McDonald Islands,no data,"HM,Heard Island and McDonald Islands",Heard and McDonald Islander,Heard and McDonald Islander
99,Honduras,Republic of Honduras,Tegucigalpa,"HN,Republic of Honduras,República de Honduras",Honduran,Honduran
100,Croatia,Republic of Croatia,Zagreb,"HR,Hrvatska,Republic of Croatia,Republika Hrvatska",Croatian,Croatian
101,Haiti,Republic of Haiti,Port-au-Prince,"HT,Republic of Haiti,République d'Haïti,Repiblik Ayiti",Haitian,Haitian
102,Hungary,Hungary,Budapest,HU,Hungarian,Hungarian
103,Indonesia,Republic of Indonesia,Jakarta,"ID,Republic of Indonesia,Republik Indonesia",Indonesian,Indonesian
104,Isle of Man,Isle of Man,Douglas,"IM,Ellan Vannin,Mann,Mannin",Manx,Manx
105,India,Republic of India,New Delhi,"IN,Bhārat,Republic of India,Bharat Ganrajya,இந்தியா",Indian,Indian
106,Ireland,Republic of Ireland,Dublin,"IE,Éire,Republic of Ireland,Poblacht na hÉireann",Irish,Irish
107,Iran,Islamic Republic of Iran,Tehran,"IR,Islamic Republic of Iran,Iran, Islamic Republic of,Jomhuri-ye Eslāmi-ye Irān",Iranian,Iranian
108,Iraq,Republic of Iraq,Baghdad,"IQ,Republic of Iraq,Jumhūriyyat al-‘Irāq",Iraqi,Iraqi
109,Iceland,Iceland,Reykjavik,"IS,Island,Republic of Iceland,Lýðveldið Ísland",Icelander,Icelander
110,Israel,State of Israel,Jerusalem,"IL,State of Israel,Medīnat Yisrā'el",Israeli,Israeli
111,Italy,Italian Republic,Rome,"IT,Italian Republic,Repubblica italiana",Italian,Italian
112,Jamaica,Jamaica,Kingston,JM,Jamaican,Jamaican
113,Jersey,Bailiwick of Jersey,Saint Helier,"JE,Bailiwick of Jersey,Bailliage de Jersey,Bailliage dé Jèrri",Channel Islander,Channel Islander
114,Jordan,Hashemite Kingdom of Jordan,Amman,"JO,Hashemite Kingdom of Jordan,al-Mamlakah al-Urdunīyah al-Hāshimīyah",Jordanian,Jordanian
115,Japan,Japan,Tokyo,"JP,Nippon,Nihon",Japanese,Japanese
116,Kazakhstan,Republic of Kazakhstan,Astana,"KZ,Qazaqstan,Казахстан,Republic of Kazakhstan,Қазақстан Республикасы,Qazaqstan Respublïkası,Республика Казахстан,Respublika Kazakhstan",Kazakhstani,Kazakhstani
117,Kenya,Republic of Kenya,Nairobi,"KE,Republic of Kenya,Jamhuri ya Kenya",Kenyan,Kenyan
118,Kyrgyzstan,Kyrgyz Republic,Bishkek,"KG,Киргизия,Kyrgyz Republic,Кыргыз Республикасы,Kyrgyz Respublikasy",Kirghiz,Kirghiz
119,Cambodia,Kingdom of Cambodia,Phnom Penh,"KH,Kingdom of Cambodia",Cambodian,Cambodian
120,Kiribati,Independent and Sovereign Republic of Kiribati,South Tarawa,"KI,Republic of Kiribati,Ribaberiki Kiribati",I-Kiribati,I-Kiribati
121,Saint Kitts and Nevis,Federation of Saint Christopher and Nevis,Basseterre,"KN,Federation of Saint Christopher and Nevis",Kittitian or Nevisian,Kittitian or Nevisian
122,South Korea,Republic of Korea,Seoul,"KR,Korea, Republic of,Republic of Korea,남한,남조선",South Korean,South Korean
123,Kosovo,Republic of Kosovo,Pristina,"XK,Република Косово",Kosovar,Kosovar
124,Kuwait,State of Kuwait,Kuwait City,"KW,State of Kuwait,Dawlat al-Kuwait",Kuwaiti,Kuwaiti
125,Laos,Lao People's Democratic Republic,Vientiane,"LA,Lao,Lao People's Democratic Republic,Sathalanalat Paxathipatai Paxaxon Lao",Laotian,Laotian
126,Lebanon,Lebanese Republic,Beirut,"LB,Lebanese Republic,Al-Jumhūrīyah Al-Libnānīyah",Lebanese,Lebanese
127,Liberia,Republic of Liberia,Monrovia,"LR,Republic of Liberia",Liberian,Liberian
128,Libya,State of Libya,Tripoli,"LY,State of Libya,Dawlat Libya",Libyan,Libyan
129,Saint Lucia,Saint Lucia,Castries,LC,Saint Lucian,Saint Lucian
130,Liechtenstein,Principality of Liechtenstein,Vaduz,"LI,Principality of Liechtenstein,Fürstentum Liechtenstein",Liechtensteiner,Liechtensteiner
131,Sri Lanka,Democratic Socialist Republic of Sri Lanka,Colombo,"LK,ilaṅkai,Democratic Socialist Republic of Sri Lanka",Sri Lankan,Sri Lankan
132,Lesotho,Kingdom of Lesotho,Maseru,"LS,Kingdom of Lesotho,Muso oa Lesotho",Mosotho,Mosotho
133,Lithuania,Republic of Lithuania,Vilnius,"LT,Republic of Lithuania,Lietuvos Respublika",Lithuanian,Lithuanian
134,Luxembourg,Grand Duchy of Luxembourg,Luxembourg,"LU,Grand Duchy of Luxembourg,Grand-Duché de Luxembourg,Großherzogtum Luxemburg,Groussherzogtum Lëtzebuerg",Luxembourger,Luxembourger
135,Latvia,Republic of Latvia,Riga,"LV,Republic of Latvia,Latvijas Republika",Latvian,Latvian
136,Macau,Macao Special Administrative Region of the People's Republic of China,no data,"MO,澳门,Macao,Macao Special Administrative Region of the People's Republic of China,中華人民共和國澳門特別行政區,Região Administrativa Especial de Macau da República Popular da China",Macanese,Macanese
137,Saint Martin,Saint Martin,Marigot,"MF,Collectivity of Saint Martin,Collectivité de Saint-Martin,Saint Martin (French part)",Saint Martin Islander,Saint Martin Islander
138,Morocco,Kingdom of Morocco,Rabat,"MA,Kingdom of Morocco,Al-Mamlakah al-Maġribiyah",Moroccan,Moroccan
139,Monaco,Principality of Monaco,Monaco,"MC,Principality of Monaco,Principauté de Monaco",Monegasque,Monegasque
140,Moldova,Republic of Moldova,Chișinău,"MD,Moldova, Republic of,Republic of Moldova,Republica Moldova",Moldovan,Moldovan
141,Madagascar,Republic of Madagascar,Antananarivo,"MG,Republic of Madagascar,Repoblikan'i Madagasikara,République de Madagascar",Malagasy,Malagasy
142,Maldives,Republic of the Maldives,Malé,"MV,Maldive Islands,Republic of the Maldives,Dhivehi Raajjeyge Jumhooriyya",Maldivan,Maldivan
143,Mexico,United Mexican States,Mexico City,"MX,Mexicanos,United Mexican States,Estados Unidos Mexicanos",Mexican,Mexican
144,Marshall Islands,Republic of the Marshall Islands,Majuro,"MH,Republic of the Marshall Islands,Aolepān Aorōkin M̧ajeļ",Marshallese,Marshallese
145,North Macedonia,Republic of North Macedonia,Skopje,"MK,The former Yugoslav Republic of Macedonia,Republic of North Macedonia,Macedonia, The Former Yugoslav Republic of,Република Северна Македонија",Macedonian,Macedonian
146,Mali,Republic of Mali,Bamako,"ML,Republic of Mali,République du Mali",Malian,Malian
147,Malta,Republic of Malta,Valletta,"MT,Republic of Malta,Repubblika ta' Malta",Maltese,Maltese
148,Myanmar,Republic of the Union of Myanmar,Naypyidaw,"MM,Burma,Republic of the Union of Myanmar,Pyidaunzu Thanmăda Myăma Nainngandaw",Burmese,Burmese
149,Montenegro,Montenegro,Podgorica,"ME,Crna Gora",Montenegrin,Montenegrin
150,Mongolia,Mongolia,Ulan Bator,MN,Mongolian,Mongolian
151,Northern Mariana Islands,Commonwealth of the Northern Mariana Islands,Saipan,"MP,Commonwealth of the Northern Mariana Islands,Sankattan Siha Na Islas Mariånas",American,American
152,Mozambique,Republic of Mozambique,Maputo,"MZ,Republic of Mozambique,República de Moçambique",Mozambican,Mozambican
153,Mauritania,Islamic Republic of Mauritania,Nouakchott,"MR,Islamic Republic of Mauritania,al-Jumhūriyyah al-ʾIslāmiyyah al-Mūrītāniyyah",Mauritanian,Mauritanian
154,Montserrat,Montserrat,Plymouth,MS,Montserratian,Montserratian
155,Martinique,Martinique,Fort-de-France,MQ,Martinican,Martinican
156,Mauritius,Republic of Mauritius,Port Louis,"MU,Republic of Mauritius,République de Maurice",Mauritian,Mauritian
157,Malawi,Republic of Malawi,Lilongwe,"MW,Republic of Malawi",Malawian,Malawian
158,Malaysia,Malaysia,Kuala Lumpur,MY,Malaysian,Malaysian
159,Mayotte,Department of Mayotte,Mamoudzou,"YT,Department of Mayotte,Département de Mayotte",Mahoran,Mahoran
160,Namibia,Republic of Namibia,Windhoek,"NA,Namibië,Republic of Namibia",Namibian,Namibian
161,New Caledonia,New Caledonia,Nouméa,NC,New Caledonian,New Caledonian
162,Niger,Republic of Niger,Niamey,"NE,Nijar",Nigerien,Nigerien
163,Norfolk Island,Territory of Norfolk Island,Kingston,"NF,Territory of Norfolk Island,Teratri of Norf'k Ailen",Norfolk Islander,Norfolk Islander
164,Nigeria,Federal Republic of Nigeria,Abuja,"NG,Nijeriya,Naíjíríà,Federal Republic of Nigeria",Nigerian,Nigerian
165,Nicaragua,Republic of Nicaragua,Managua,"NI,Republic of Nicaragua,República de Nicaragua",Nicaraguan,Nicaraguan
166,Niue,Niue,Alofi,NU,Niuean,Niuean
167,Netherlands,Kingdom of the Netherlands,Amsterdam,"NL,Holland,Nederland,The Netherlands",Dutch,Dutch
168,Norway,Kingdom of Norway,Oslo,"NO,Norge,Noreg,Kingdom of Norway,Kongeriket Norge,Kongeriket Noreg",Norwegian,Norwegian
169,Nepal,Federal Democratic Republic of Nepal,Kathmandu,"NP,Federal Democratic Republic of Nepal,Loktāntrik Ganatantra Nepāl",Nepalese,Nepalese
170,Nauru,Republic of Nauru,Yaren,"NR,Naoero,Pleasant Island,Republic of Nauru,Ripublik Naoero",Nauruan,Nauruan
171,New Zealand,New Zealand,Wellington,"NZ,Aotearoa",New Zealander,New Zealander
172,Oman,Sultanate of Oman,Muscat,"OM,Sultanate of Oman,Salṭanat ʻUmān",Omani,Omani
173,Pakistan,Islamic Republic of Pakistan,Islamabad,"PK,Pākistān,Islamic Republic of Pakistan,Islāmī Jumhūriya'eh Pākistān",Pakistani,Pakistani
174,Panama,Republic of Panama,Panama City,"PA,Republic of Panama,República de Panamá",Panamanian,Panamanian
175,Pitcairn Islands,Pitcairn Group of Islands,Adamstown,"PN,Pitcairn,Pitcairn Henderson Ducie and Oeno Islands",Pitcairn Islander,Pitcairn Islander
176,Peru,Republic of Peru,Lima,"PE,Republic of Peru,República del Perú",Peruvian,Peruvian
177,Philippines,Republic of the Philippines,Manila,"PH,Republic of the Philippines,Repúblika ng Pilipinas",Filipino,Filipino
178,Palau,Republic of Palau,Ngerulmud,"PW,Republic of Palau,Beluu er a Belau",Palauan,Palauan
179,Papua New Guinea,Independent State of Papua New Guinea,Port Moresby,"PG,Independent State of Papua New Guinea,Independen Stet bilong Papua Niugini",Papua New Guinean,Papua New Guinean
180,Poland,Republic of Poland,Warsaw,"PL,Republic of Poland,Rzeczpospolita Polska",Polish,Polish
181,Puerto Rico,Commonwealth of Puerto Rico,San Juan,"PR,Commonwealth of Puerto Rico,Estado Libre Asociado de Puerto Rico",Puerto Rican,Puerto Rican
182,North Korea,Democratic People's Republic of Korea,Pyongyang,"KP,Democratic People's Republic of Korea,DPRK,조선민주주의인민공화국,Chosŏn Minjujuŭi Inmin Konghwaguk,Korea, Democratic People's Republic of,북한,북조선",North Korean,North Korean
183,Portugal,Portuguese Republic,Lisbon,"PT,Portuguesa,Portuguese Republic,República Portuguesa",Portuguese,Portuguese
184,Paraguay,Republic of Paraguay,Asunción,"PY,Republic of Paraguay,República del Paraguay,Tetã Paraguái",Paraguayan,Paraguayan
185,Palestine,State of Palestine,Ramallah,"PS,Palestine, State of,State of Palestine,Dawlat Filasṭin",Palestinian,Palestinian
186,French Polynesia,French Polynesia,Papeetē,"PF,Polynésie française,French Polynesia,Pōrīnetia Farāni",French Polynesian,French Polynesian
187,Qatar,State of Qatar,Doha,"QA,State of Qatar,Dawlat Qaṭar",Qatari,Qatari
188,Réunion,Réunion Island,Saint-Denis,"RE,Reunion",Réunionese,Réunionese
189,Romania,Romania,Bucharest,"RO,Rumania,Roumania,România",Romanian,Romanian
190,Russia,Russian Federation,Moscow,"RU,Russian Federation,Российская Федерация",Russian,Russian
191,Rwanda,Republic of Rwanda,Kigali,"RW,Republic of Rwanda,Repubulika y'u Rwanda,République du Rwanda",Rwandan,Rwandan
192,Saudi Arabia,Kingdom of Saudi Arabia,Riyadh,"Saudi,SA,Kingdom of Saudi Arabia,Al-Mamlakah al-‘Arabiyyah as-Su‘ūdiyyah",Saudi Arabian,Saudi Arabian
193,Sudan,Republic of the Sudan,Khartoum,"SD,Republic of the Sudan,Jumhūrīyat as-Sūdān",Sudanese,Sudanese
194,Senegal,Republic of Senegal,Dakar,"SN,Republic of Senegal,République du Sénégal",Senegalese,Senegalese
195,Singapore,Republic of Singapore,Singapore,"SG,Singapura,Republik Singapura,新加坡共和国",Singaporean,Singaporean
196,South Georgia,South Georgia and the South Sandwich Islands,King Edward Point,"GS,South Georgia and the South Sandwich Islands",South Georgian South Sandwich Islander,South Georgian South Sandwich Islander
197,Svalbard and Jan Mayen,Svalbard og Jan Mayen,Longyearbyen,"SJ,Svalbard and Jan Mayen Islands",Norwegian,Norwegian
198,Solomon Islands,Solomon Islands,Honiara,SB,Solomon Islander,Solomon Islander
199,Sierra Leone,Republic of Sierra Leone,Freetown,"SL,Republic of Sierra Leone",Sierra Leonean,Sierra Leonean
200,El Salvador,Republic of El Salvador,San Salvador,"SV,Republic of El Salvador,República de El Salvador",Salvadoran,Salvadoran
201,San Marino,Most Serene Republic of San Marino,City of San Marino,"SM,Republic of San Marino,Repubblica di San Marino",Sammarinese,Sammarinese
202,Somalia,Federal Republic of Somalia,Mogadishu,"SO,aṣ-Ṣūmāl,Federal Republic of Somalia,Jamhuuriyadda Federaalka Soomaaliya,Jumhūriyyat aṣ-Ṣūmāl al-Fiderāliyya",Somali,Somali
203,Saint Pierre and Miquelon,Saint Pierre and Miquelon,Saint-Pierre,"PM,Collectivité territoriale de Saint-Pierre-et-Miquelon","Saint-Pierrais, Miquelonnais","Saint-Pierrais, Miquelonnais"
204,Serbia,Republic of Serbia,Belgrade,"RS,Srbija,Republic of Serbia,Република Србија,Republika Srbija",Serbian,Serbian
205,South Sudan,Republic of South Sudan,Juba,SS,South Sudanese,South Sudanese
206,São Tomé and Príncipe,Democratic Republic of São Tomé and Príncipe,São Tomé,"ST,Democratic Republic of São Tomé and Príncipe,Sao Tome and Principe,República Democrática de São Tomé e Príncipe",Sao Tomean,Sao Tomean
207,Suriname,Republic of Suriname,Paramaribo,"SR,Sarnam,Sranangron,Republic of Suriname,Republiek Suriname",Surinamer,Surinamer
208,Slovakia,Slovak Republic,Bratislava,"SK,Slovak Republic,Slovenská republika",Slovak,Slovak
209,Slovenia,Republic of Slovenia,Ljubljana,"SI,Republic of Slovenia,Republika Slovenija",Slovene,Slovene
210,Sweden,Kingdom of Sweden,Stockholm,"SE,Kingdom of Sweden,Konungariket Sverige",Swedish,Swedish
211,Eswatini,Kingdom of Eswatini,Lobamba,"SZ,Swaziland,weSwatini,Swatini,Ngwane,Kingdom of Eswatini,Umbuso weSwatini",Swazi,Swazi
212,Sint Maarten,Sint Maarten,Philipsburg,"SX,Sint Maarten (Dutch part)",St. Maartener,St. Maartener
213,Seychelles,Republic of Seychelles,Victoria,"SC,Republic of Seychelles,Repiblik Sesel,République des Seychelles",Seychellois,Seychellois
214,Syria,Syrian Arab Republic,Damascus,"SY,Syrian Arab Republic,Al-Jumhūrīyah Al-ʻArabīyah As-Sūrīyah",Syrian,Syrian
215,Turks and Caicos Islands,Turks and Caicos Islands,Cockburn Town,TC,Turks and Caicos Islander,Turks and Caicos Islander
216,Chad,Republic of Chad,N'Djamena,"TD,Tchad,Republic of Chad,République du Tchad",Chadian,Chadian
217,Togo,Togolese Republic,Lomé,"TG,Togolese,Togolese Republic,République Togolaise",Togolese,Togolese
218,Thailand,Kingdom of Thailand,Bangkok,"TH,Prathet,Thai,Kingdom of Thailand,ราชอาณาจักรไทย,Ratcha Anachak Thai",Thai,Thai
219,Tajikistan,Republic of Tajikistan,Dushanbe,"TJ,Toçikiston,Republic of Tajikistan,Ҷумҳурии Тоҷикистон,Çumhuriyi Toçikiston",Tadzhik,Tadzhik
220,Tokelau,Tokelau,Fakaofo,TK,Tokelauan,Tokelauan
221,Turkmenistan,Turkmenistan,Ashgabat,TM,Turkmen,Turkmen
222,Timor-Leste,Democratic Republic of Timor-Leste,Dili,"TL,East Timor,Democratic Republic of Timor-Leste,República Democrática de Timor-Leste,Repúblika Demokrátika Timór-Leste,Timór Lorosa'e,Timor Lorosae",East Timorese,East Timorese
223,Tonga,Kingdom of Tonga,Nuku'alofa,TO,Tongan,Tongan
224,Trinidad and Tobago,Republic of Trinidad and Tobago,Port of Spain,"TT,Republic of Trinidad and Tobago",Trinidadian,Trinidadian
225,Tunisia,Tunisian Republic,Tunis,"TN,Republic of Tunisia,al-Jumhūriyyah at-Tūnisiyyah",Tunisian,Tunisian
226,Turkey,Republic of Türkiye,Ankara,"TR,Turkiye,Republic of Turkey,Türkiye Cumhuriyeti",Turkish,Turkish
227,Tuvalu,Tuvalu,Funafuti,TV,Tuvaluan,Tuvaluan
228,Taiwan,Republic of China (Taiwan),Taipei,"TW,Táiwān,Republic of China,中華民國,Zhōnghuá Mínguó,Chinese Taipei",Taiwanese,Taiwanese
229,Tanzania,United Republic of Tanzania,Dodoma,"TZ,Tanzania, United Republic of,United Republic of Tanzania,Jamhuri ya Muungano wa Tanzania",Tanzanian,Tanzanian
230,Uganda,Republic of Uganda,Kampala,"UG,Republic of Uganda,Jamhuri ya Uganda",Ugandan,Ugandan
231,Ukraine,Ukraine,Kyiv,"UA,Ukrayina",Ukrainian,Ukrainian
232,Uruguay,Oriental Republic of Uruguay,Montevideo,"UY,Oriental Republic of Uruguay,República Oriental del Uruguay",Uruguayan,Uruguayan
233,United States,United States of America,Washington D.C.,"US,USA,United States of America",American,American
234,Uzbekistan,Republic of Uzbekistan,Tashkent,"UZ,Republic of Uzbekistan,O‘zbekiston Respublikasi,Ўзбекистон Республикаси",Uzbekistani,Uzbekistani
235,Vatican City,Vatican City State,Vatican City,"VA,Holy See (Vatican City State),Vatican City State,Stato della Città del Vaticano",Vatican,Vatican
236,Saint Vincent and the Grenadines,Saint Vincent and the Grenadines,Kingstown,VC,Saint Vincentian,Saint Vincentian
237,Venezuela,Bolivarian Republic of Venezuela,Caracas,"VE,Bolivarian Republic of Venezuela,Venezuela, Bolivarian Republic of,República Bolivariana de Venezuela",Venezuelan,Venezuelan
238,British Virgin Islands,Virgin Islands,Road Town,"VG,Virgin Islands, British",Virgin Islander,Virgin Islander
239,United States Virgin Islands,Virgin Islands of the United States,Charlotte Amalie,"VI,Virgin Islands, U.S.",Virgin Islander,Virgin Islander
240,Vietnam,Socialist Republic of Vietnam,Hanoi,"VN,Socialist Republic of Vietnam,Cộng hòa Xã hội chủ nghĩa Việt Nam,Viet Nam",Vietnamese,Vietnamese
241,Vanuatu,Republic of Vanuatu,Port Vila,"VU,Republic of Vanuatu,Ripablik blong Vanuatu,République de Vanuatu",Ni-Vanuatu,Ni-Vanuatu
242,Wallis and Futuna,Territory of the Wallis and Futuna Islands,Mata-Utu,"WF,Territory of the Wallis and Futuna Islands,Territoire des îles Wallis et Futuna",Wallis and Futuna Islander,Wallis and Futuna Islander
243,Samoa,Independent State of Samoa,Apia,"WS,Independent State of Samoa,Malo Saʻoloto Tutoʻatasi o Sāmoa",Samoan,Samoan
244,Yemen,Republic of Yemen,Sana'a,"YE,Yemeni Republic,al-Jumhūriyyah al-Yamaniyyah",Yemeni,Yemeni
245,South Africa,Republic of South Africa,"Pretoria,Bloemfontein,Cape Town","ZA,RSA,Suid-Afrika,Republic of South Africa",South African,South African
246,Zambia,Republic of Zambia,Lusaka,"ZM,Republic of Zambia",Zambian,Zambian
247,Zimbabwe,Republic of Zimbabwe,Harare,"ZW,Republic of Zimbabwe",Zimbabwean,Zimbabwean
248,French Polynesia,no data,no data,no data,French Polynesian,no data
249,Nepal,no data,no data,no data,Nepalese,no data
250,Tibet,no data,no data,no data,Tibetan,no data
